title,artist,lyrics
體面,于文文,"

                    作詞：唐 恬
           
                            作曲：于文文
            
 
編 曲：鄭 楠

別堆砌懷念讓劇情
變得狗血
深愛了多年又何必
毀了經典
都已成年不拖不欠
浪費時間是我情願
像謝幕的演員
眼看著燈光熄滅
來不及
再轟轟烈烈
就保留
告別的尊嚴
我愛你不後悔
也尊重故事結尾
分手應該體面
誰都不要說抱歉
何來虧欠
我敢給就敢心碎
鏡頭前面是從前的我們
在喝彩
流著淚聲嘶力竭
離開也很體面
才沒辜負這些年
愛得熱烈
認真付出的畫面
別讓執念
毀掉了昨天
我愛過你
俐落乾脆

最熟悉的街主角卻
換了人演
我哭到哽咽心再痛
就當破繭
來不及
再轟轟烈烈
就保留
告別的尊嚴
我愛你不後悔
也尊重故事結尾
分手應該體面
誰都不要說抱歉
何來虧欠
我敢給就敢心碎
鏡頭前面是從前的我們
在喝彩
流著淚聲嘶力竭
離開也很體面
才沒辜負這些年
愛得熱烈
認真付出的畫面
別讓執念
毀掉了昨天
我愛過你
俐落乾脆
再見
不負遇見

"
連名帶姓,aMEI (張惠妹),"

                    作詞：葛大為
           
                            作曲：周杰倫
            
 
零七年 那一首定情曲的前奏
要是依然念念不忘 太不稱頭
早放生彼此 好好過 都多久

你怎麼像標本 杵在我心裡頭
後來的那幾個 又沒做錯什麼
他們口中自私的我
犯了偷竊時間的錯 複製貼上你的愛

也很精彩的你 不甘寂寞
這圈子不太大 多少聽說
欣賞你流浪 像是種信仰
我真這麼想

再被你提起 已是連名帶姓
謊稱是友誼 卻疏遠得可以
多少人愛我
偏放不下你 是公開的秘密
只剩你沒拆穿我

再處心積慮 終究事不關己
哪來的勇氣 我就是不灰心
我且愛且走
其實在等你 是僅有的默契
你會不會又錯過 我沒有把握

算不清 多少個跨年夜一起過
要是依然念念不忘 太不稱頭
早放生彼此 好好過 都多久

你怎麼像標本 杵在我心裡頭
後來的那幾個 又沒做錯什麼
他們口中自私的我
犯了偷竊時間的錯 複製貼上你的愛

也很精彩的你 不甘寂寞
這圈子不太大 多少聽說
欣賞你流浪 像是種信仰
我真這麼想

再被你提起 已是連名帶姓
謊稱是友誼 卻疏遠得可以
多少人愛我
偏放不下你 是公開的秘密
只剩你沒拆穿我

再處心積慮 終究事不關己
哪來的勇氣 我就是不灰心
我且愛且走
其實在等你 是最後的默契
要是我們又錯過 就別再回頭

"
等你下課 ,"周杰倫 (Jay Chou), 楊瑞代 (Gary Yang)","

                    作詞：周杰倫
           
                            作曲：周杰倫
            
 
你住的巷子裡 我租了一間公寓
為了想與你不期而遇
高中三年我為什麼
為什麼不好好讀書
沒考上跟你一樣的大學

我找了份工作
離你宿舍很近
當我開始學會做蛋餅
才發現你不吃早餐
喔你又擦肩而過
你耳機聽什麼
能不能告訴我

躺在你學校的操場看星空
教室裡的燈還亮著你沒走
記得我寫給你的情書
都什麼年代了到現在我還在寫著
總有一天總有一年會發現
有人默默的陪在你的身邊
也許我不該在你的世界
當你收到情書也代表我已經走遠

學校旁的廣場
我在這等鐘聲響
等你下課一起走好嗎
談著琴唱你愛的歌
暗戀一點都不痛苦
痛苦的是你根本沒看我
我唱這麼走心
卻走不進你心裏
在人來人往找尋著你
守護著你不求結局
喔你又擦肩而過
我唱告白氣球
終於你回了頭

躺在你學校的操場看星空
教室裡的燈還亮著你沒走
記得我寫給你的情書
都什麼年代了
到現在我還在寫著
總有一天總有一年會發現
有人默默的陪在你的身邊
也許我不該在你的世界
當你收到情書也代表我已經走遠

"
如果雨之後 ,Eric 周興哲,"

                    作詞：吳易緯、周興哲
           
                            作曲：周興哲
            
 
如果雨之後 淚還不停流
如果悲傷後 眼神更執著
那一雙不能牽的手
那疼愛已無人簽收
像片雲 奔走在天空沒盡頭

如果雨之後 心還是嫉妒
如果悲傷後 我少了溫度
不想要誰將你呵護
可什麼我都留不住
我們還沒結束 我好不服輸

我只想說 我認真地愛過
兩個相愛的人究竟犯什麼錯
需要愛得如此折磨

我 是深深地愛過
你在我的心中 從沒有離開過
如果你要走也帶我走

如果雨之後 心還是痛苦
如果悲傷後 我少了溫度
我懷念我們的相處
還沒把裂縫都彌補
還沒給你幸福 我怎能服輸

我只想說 我認真地愛過
兩個相愛的人究竟犯什麼錯
需要愛得如此折磨

我 是深深地愛過
你在我的心中 從沒有離開過
如果你要走也帶我走

沒保護好你的我
有什麼資格奢求
再聽一次你愛我
你有沒有聽說？
我已經面帶笑容
成為約定好的我
等著你重頭再來過

誰都沒錯 都認真地愛過
在命運面前才懂人有多脆弱
阻止不了誰離開我

我 是深深地愛過
沒有人能取代 你在我的心中
你從來沒有離開過 如果你要走也帶我走

"
幾分之幾 ,盧廣仲 (Crowd Lu),"

                    作詞：盧廣仲
           
                            作曲：盧廣仲
            
 
記得那天 太陽壓著平原
風慢慢吹 沒有人掉眼淚
一切好美 好到我可以不用說話

金色的側臉 踩著全白球鞋
風繼續吹 世界繼續作業
那麼確定 我知道那就是你

那一天你走進了我的生命
謝謝你成為了我的幾分之幾
閉上眼睛也能看見你
晴朗的南方

就算犯錯 你拿歲月等我
就算停留 還有你和夜空
我算什麼讓你無條件的為我

那一天你走進了我的生命
謝謝你成為了我的幾分之幾
如果我又更完整一點 也是因為你

某一天你離開了我的生命
謝謝你曾經是我的幾分之幾
感覺你貼著我胸口呼吸
在那一個回不去的天明

我的 幾分之幾
你終於還是離開我的生命
留下每天都在變老的我
請記得我曾經 愛過

"
我們不一樣,大壯 (DZ),"這麼多年的兄弟
有誰比我更瞭解你
太多太多不容易
磨平了歲月和脾氣

時間轉眼就過去
這身後不散的筵席
只因為我們還在
心留在原地

張開手 需要多大的勇氣
這片天 你我一起撐起
更努力 只為了我們想要的明天
好好的 這份情好好珍惜

我們不一樣
每個人都有不同的境遇
我們在這裡
在這裡等你
我們不一樣
雖然會經歷不同的事情
我們都希望
來生還能相遇

這麼多年的兄弟
有誰比我更瞭解你
太多太多不容易
磨平了歲月和脾氣
時間轉眼就過去
這身後不散的筵席
只因為我們還在
心留在原地

張開手 需要多大的勇氣
這片天 你我一起撐起
更努力 只為了我們想要的明天
好好的 這份情好好珍惜

我們不一樣
每個人都有不同的境遇
我們在這裡
在這裡等你

我們不一樣
雖然會經歷不同的事情
我們都希望
來生還能相遇

我們不一樣
每個人都有不同的境遇
我們在這裡
在這裡等你

我們不一樣
雖然會經歷不同的事情
我們都希望
來生還能相遇

我們不一樣
雖然會經歷不同的事情
我們都希望
來生還能相遇
我們都希望
來生還能相遇

"
偉大的渺小 ,林俊傑 (JJ Lin),"

                    作詞：小寒
           
                            作曲：林俊傑
            
 
一朵玫瑰被刺圍繞  也許它也渴望擁抱
海豚臉上總有微笑  也許淚被大海洗掉  是不讓人知道

你我幸福或難熬
好或糟  藏進外表的孤傲

其實我想要  一種美夢睡不著
一種心臟的狂跳
瓦解界線不被撂倒  奔跑  依靠
我心中最想要  看你看過的浪潮
陪你放肆地年少
從你眼神能找到  解藥

宇宙一絲一毫
偉大並非湊巧
我～握的手握好
我～或許很渺小
也絕不逃

夜晚星辰高調閃耀  也許是最後的燃燒 喔
候鳥能自由飛得高  也許是流浪的符號  可是誰又知道

你我曾有過煎熬
把客套  捍衛僅有的驕傲

其實我想要  一種美夢睡不著
一種心臟的狂跳
瓦解界線不被撂倒  奔跑  依靠
我心中最想要  看你看過的浪潮
陪你放肆地年少
從你眼神能找到  解藥

宇宙一絲一毫
偉大並非湊巧
我～握的手握好
我～或許很渺小 喔

那之前我要  抱你在逆流人潮
懂你每個淚和笑
從你故事中找到  美妙

努力不會徒勞
愛並非湊巧
我們握的手握好
我們就算很渺小
也絕不逃

握的手握好
我有多渺小
也做得到


"
黑夜問白天 ,林俊傑 (JJ Lin),"

                    作詞：易家揚
           
                            作曲：林俊傑
            
 
半天上的禿鷹那張臉
半生中的記憶在盤旋
第五十三天後的日夜線

等黑夜問白天
能不能赦免 灰色的人間
別交換吧日夜 冰封的眼淚 一滴就很鹹
來自暮光的 明信片
它無聲無色無言 翻過山巔跟我扮鬼臉

但黑夜恨白天
拼命的往前 聽不到救援
命運太瘋癲 每一眨眼 都很玄
那對逆光中的黑雁 也飛過去老遠
等再見不如說一次再見 挑一天

皮膚之下的瘀青滲著血
細胞之中的絕望在喊冤
被五十三天的孤單抽一鞭

等黑夜問白天
能不能赦免 灰色的人間
別交換吧日夜 冰封的眼淚 一滴就很鹹
來自暮光的 明信片
它無聲無色無言 翻過山巔跟我扮鬼臉

喊黑夜吻白天
謝謝了時間 弄紅了雙眼
往事的光圈 每一瞬間 都很絕
那跑過去的晝夜 是孤獨的修煉
說再見不如忘掉能再見

在半空中真好 不會吵 人少
卻看得到那些近在天邊的風暴

(黑夜吻白天)
謝謝了時間 弄紅了雙眼
往事的光圈 每一瞬間 都很絕
那跑過去的晝夜 是孤獨的修煉
說再見不如忘掉能再見
今天


"
慢慢喜歡你 ,莫文蔚 (Karen Mok),"


書裡總愛寫到喜出望外的傍晚
騎的單車還有他和她的對談
女孩的白色衣裳男孩愛看她穿
好多橋段
好多都浪漫
好多人心酸
好聚好散
好多天都看不完

剛才吻了你一下你也喜歡對嗎
不然怎麼一直牽我的手不放
你說你好想帶我回去你的家鄉
綠瓦紅磚
柳樹和青苔
過去和現在
都一個樣
你說你也會這樣

慢慢喜歡你
慢慢的親密
慢慢聊自己
慢慢和你走在一起
慢慢我想配合你
慢慢把我給你

慢慢喜歡你
慢慢的回憶
慢慢的陪你慢慢的老去
因為慢慢是個最好的原因

晚餐後的甜點就點你喜歡的吧
今晚就換你去床的右邊睡吧
這次旅行我還想去上次的沙灘
球鞋手錶
襪子和襯衫都已經燙好
放行李箱
早上等著你起床

慢慢喜歡你
慢慢的親密
慢慢聊自己
慢慢和你走在一起
慢慢我想配合你
慢慢把我給你

慢慢喜歡你
慢慢的回憶
慢慢的陪你慢慢的老去
因為慢慢是個最好的原因

書裡總愛寫到喜出望外的傍晚
"
SPOTLIGHT,頑童MJ116,"

                    作詞：頑童 MJ116
           
                            作曲：頑童 MJ116
            
 
期待她今天是什麼打扮
其實就算沒有穿也好看
可能怕我東西弄不見 最好別冒險 整晚牽著女伴
旁邊都在問 她是誰 新的妹 幫她鋪餐巾
她是瘦 還是肥 我都不在意
別開車 不安全 因為在看妳
媽我把到女明星

根本藏不住妳 我藏不住妳 擔心被別人注意

SHE'S OVER STUNNED UNDER SPOTLIGHT
跟她上街變得好秋 像個明星戴著雷朋
感到溫暖 她的SPOTLIGHT
她的美只在我眼中 哎呀其他人不會懂
08被閃閃閃 閃閃瞎雙眸
他們被閃閃閃 閃閃瞎雙眸

當我見到她的時候我的精神都繃緊
羨煞旁人她是最美的風景
在夜裡 她亮著 即使離我好幾公里
再美的美女 我都屏蔽 當做空氣
散發氣質 不得不讓我低頭
看他吃冰使我口水多吞了幾口
直視著她 白色肩帶滑下
讓人融化 心目中蒙娜麗莎

根本藏不住妳 我藏不住妳 擔心被別人注意
根本藏不住妳 我藏不住妳 擔心被別人注意

SHE'S OVER STUNNED UNDER SPOTLIGHT
跟她上街變得好秋 像個明星戴著雷朋
感到溫暖 她的SPOTLIGHT
她的美只在我眼中 哎呀其他人不會懂

帶她出門 讓所有的人大吃ㄧ驚
路人反應 都覺得我牽著女明星
有她在 就算是沙漠也變成市中心
這天菜 讓這些男人宿敵回到叢林
怎麼可以正到我不用吃飯
美艷震到我的ㄧ舉一動就像痴漢
去哪都ㄧ直看 美得那麽自然
工作都不想管 只想帶她繞地球轉

SHE'S OVER STUNNED UNDER SPOTLIGHT
跟她上街變得好秋 像個明星戴著雷朋
感到溫暖 她的SPOTLIGHT
她的美只在我眼中 哎呀其他人不會懂
08被閃閃閃 閃閃瞎雙眸
他們被閃閃閃 閃閃瞎雙眸

"
辣台妹 HOT CHICK,頑童MJ116,"

                    作詞：頑童 MJ116
           
                            作曲：頑童 MJ116
            
 
伊係北部的口音 搖落
中部的口音 搖落 搖落
南部的口音 搖落 搖落

音樂插播 看她脫掉上衣
音樂插播 看她脫掉上衣 她是

揮霍一切直到沒
這個單位不太歡迎小氣鬼
幾十萬的現金放在口袋不用回
今天晚上就算有家也不用回
82年的拉菲 生牛肉配上松露
你笑我世俗我也不要空腹
一條龍的帳單簽個名我都付
從錦州街口一路玩到忠孝東路
年輕人的小費都往口袋塞
黃董太HIGH
誰還躲在角落講電話應付太太
最好早點回家這條狗太乖

酒色財氣的台北 戴著純金的項鍊
幫我排新的小姐 辣台妹
酒色財氣的台北 戴著純金的項鍊
幫我排新的小姐 尬台妹

辣台妹 辣台妹 騷底
辣台妹 辣台妹 WU
辣台妹 辣台妹 騷底
辣台妹 辣台妹 搖落

伊係北部的口音 搖落
中部的口音 搖落 搖落
南部的口音 搖落 搖落

音樂插播 看她脫掉上衣
音樂插播 看她脫掉上衣 她是

我們不說價 敢玩再坐下
給我一盤SHOTS 看我贏光妳的衣服全部都脫下
在這晚上我們不講人情
最好只講現金 整場美女如雲
喝到早上 直到是誰不行
全部都框到底 就讓我來處理
最熱情的鄉音 身價都是鑲金
為了她們我要繼續再開幾支香檳
快點脫掉上衣 散發迷人香氣
把錢通通都給妳別再說妳爸生病

酒色財氣的台北 戴著純金的項鍊
幫我排新的小姐 辣台妹
酒色財氣的台北 戴著純金的項鍊
幫我排新的小姐 尬台妹

辣台妹 辣台妹 騷底
辣台妹 辣台妹 WU
辣台妹 辣台妹 騷底
辣台妹 辣台妹 搖落

伊係北部的口音 搖落
中部的口音 搖落 搖落
南部的口音 搖落 搖落

音樂插播 看她脫掉上衣
音樂插播 看她脫掉上衣 她是

手戴水鬼 脖子戴上金飾
不搭捷運 最好別刮我的賓士
待會要去哪耍 得看我興致
為何換帖兄弟全都移去麗緻
敢玩的小姐 恁全部照排
裝一塊的紅牌今嘜雄厚嘜來
朋友覓食來談戀愛 昏頭掉進懸崖
刷卡外框放生 下次帶包再來
走店絕不簽單 打腫臉充胖子
出門在外 沒在怕那出亂子
阮敢玩就敢博 今天當浪子
小姐看到我們像是吃到倒吊籽

酒色財氣的台北 戴著純金的項鍊
幫我排新的小姐 辣台妹
酒色財氣的台北 戴著純金的項鍊
幫我排新的小姐 尬台妹

辣台妹 辣台妹 騷底
辣台妹 辣台妹 WU
辣台妹 辣台妹 騷底
辣台妹 辣台妹 搖落

伊係北部的口音 搖落
中部的口音 搖落 搖落
南部的口音 搖落 搖落

音樂插播 看她脫掉上衣
音樂插播 看她脫掉上衣 她是

"
年少有為,李榮浩,"

                    作詞：李榮浩
           
                            作曲：李榮浩
            
 
編曲：李榮浩

電視一直閃
聯絡方式都還沒刪
你待我的好
我卻錯手毀掉

也曾一起想
有個地方睡覺吃飯
可怎麼去熬日夜顛倒連頭款也湊不到

牆板 被我砸爛 到現在還沒修
一碗熱的粥 你怕我沒夠 都留一半帶走
給你形容 美好今後你常常眼睛會紅
原來心疼我 我那時候不懂

假如我年少有為不自卑
懂得什麼是珍貴
那些美夢
沒給你 我一生有愧

假如我年少有為 知進退
才不會讓你替我受罪
婚禮上 多喝幾杯
和你現在那位

也曾一起想
有個地方睡覺吃飯
可怎麼去熬日夜顛倒連頭款也湊不到

牆板 被我砸爛 到現在還沒修
一碗熱的粥 你怕我沒夠 都留一半帶走
給你形容 美好今後你常常眼睛會紅
原來心疼我 我那時候不懂

假如我年少有為不自卑
懂得什麼是珍貴
那些美夢
沒給你 我一生有愧

假如我年少有為 知進退
才不會讓你替我受罪
婚禮上 多喝幾杯
和你現在那位

假如我年少有為不自卑
嘗過後悔的滋味
金錢地位
搏到了卻好想退回

假如我年少有為 知進退
才不會讓你替我受罪
婚禮上 多喝幾杯
和你現在那位

在婚禮上 多喝幾杯
祝我年少有為

"
Will You Remember Me ,李玖哲 (Nicky Lee),"

                    作詞：林燕岑&黃韻仁
           
                            作曲：黃韻仁
            
 
忘了每天的晚安  忘了那些說好愛的習慣
總是想的簡單  明天並不難
害怕擁抱的難堪  只等著 自己變勇敢
卻忘了 明天不一定必然

忘了轉身的遺憾  忘了有誰為此感到心酸
記得自己孤單  忽略誰不安
等待那麼的一般  我們都 自以為不晚
卻忘了  不見不一定不散

Will you remember me 而愛總是說的來不及
Will you remember me 失去才懂存在的意義
回憶再回不去 怕未來再未有你
Will you remember me 我愛你

忘了承諾的清單  忘了我們不該左顧右盼
時間或許不趕  但卻很稀罕
等待那麼的一般  我們都 自以為不晚
卻忘了  不見不一定不散

Will you remember me 而愛總是說的來不及
Will you remember me 失去才懂存在的意義
回憶再回不去 怕未來再未有你
Will you remember me 我愛你

原來這就是遺憾  我們總懂的太晚
願望和失望不停  在交換
時間讓我們遺忘  時間讓我們去想  卻沒有答案

Will you remember me
Will you remember me 失去才懂存在的意義
回憶再回不去 怕未來再未有你
Will you remember me 我愛你

"
不愛我就拉倒 ,周杰倫 (Jay Chou),"

                    作詞：周杰倫, 宋健彰(彈頭)
           
                            作曲：周杰倫
            
 
寒流來了  剛好
剛好可以  把你手放外套
把安全帽戴好
不讓你在  愛情路上跌倒

加速狂飆  你說不要
愛的險你不想冒
不想被套牢
他的懷抱  真比我好
你幸福就好

不愛我就拉倒
離開之前
不要愛的抱抱
反正  我又不是沒有人要
哥練的胸肌
如果你還想靠
好膽你就麥造

寒流來了  剛好可以  把你手放外套
把安全帽戴好  不要在愛情路上跌倒
加速狂飆  你  你說不要
愛的險你不想冒  不想被我給套牢
反正我又不是沒有人要
哥練的胸肌如果你還想靠
算了  你幸福你幸福就好

寒流來了  剛好
剛好可以  把你手放外套
把安全帽戴好
不讓你在  愛情路上跌倒

加速狂飆  你說不要
愛的險你不想冒
不想被套牢
他的懷抱  真比我好
你幸福就好

不愛我就拉倒
離開之前
不要愛的抱抱
反正  我又不是沒有人要
哥練的胸肌
如果你還想靠
好膽你就麥造

你幸福就好

不愛我就拉倒
離開之前
不要愛的抱抱
反正  我又不是沒有人要
哥練的胸肌
如果你還想靠
好膽你就麥造

"
讓我為你唱情歌,蕭敬騰 (Jam Hsiao),"

                    作詞：阿火
           
                            作曲：阿火
            
 
印象中妳帽子遮臉
在教室裡面
不發一語過每一天
眼神中有點落寞
有點藏著什麼
我問妳搖頭
眼光卻閃爍
遙控我感受

眼前的人帽子遮臉
轉角咖啡店
戴耳機隔絕了世界
我遞上一杯咖啡
妳笑著說謝謝
我知道是妳 溫暖了空氣
我又遇見妳 這次就

讓我為妳唱情歌
讓我對你說愛妳
請妳相信我的真心
別再害怕 天塌了我會扛下
最真實的童話
就差妳給我抱一下

妳有一種孤單的美
像琥珀裡面 透明卻封住了從前
過去我愛的純粹 如今愛的沉醉
我知道是妳 折射了美麗
讓我遇見妳 這次就

讓我為妳唱情歌
讓我對你說愛妳
請妳相信我的真心
別再害怕 天塌了我會扛下
最真實的童話
就差妳給我抱一下

讓我為妳唱情歌
讓我對你說愛妳
請妳相信我的真心
別再害怕 天塌了我會扛下
最真實的童話
就差妳給我抱一下

就讓我為妳唱情歌
讓我對你說愛妳
請妳相信我的真心
別再害怕 天塌了我會扛下
最真實的童話
就差妳給我抱一下

讓我為妳唱情歌
讓我為妳唱情歌
讓我對你說愛妳
讓我對你說愛～妳～
讓我為妳唱情歌
讓我為妳唱情歌
讓我對你說愛妳
讓我對你說

"
說散就散 ,袁婭維,"

                    作詞：張楚翹
           
                            作曲：伍樂城
            
 
抱一抱 就當作從沒有在一起
好不好 要解釋都已經來不及
算了吧 我付出過甚麼沒關係
我忽略自己 就因為遇見你

沒辦法 好可怕 那個我 不像話
一直奮不顧身 是我太傻

說不上愛別說謊 就一點喜歡
說不上恨別糾纏 別裝作感嘆
就當作我太麻煩 不停讓自己受傷
我告訴我自己 感情就是這樣
怎麼一不小心太瘋狂

抱一抱 再好好覺悟不能長久
好不好 有虧欠我們都別追究
算了吧 我付出再多都不足夠
我終於得救 我不想再獻醜

沒辦法 不好嗎 大家都 不留下
一直勉強相處 總會累垮

說不上愛別說謊 就一點喜歡
說不上恨別糾纏 別裝作感嘆
就當作我太麻煩 不停讓自己受傷
我告訴我自己 感情就是這樣
怎麼一不小心太瘋狂

別後悔 就算錯過
在以後 你少不免想起我
還算不錯
當我不在你會不會難過
你夠不夠我這樣灑脫

說不上愛別說謊 就一點喜歡
說不上恨別糾纏 別裝作感嘆
將一切都體諒 將一切都原諒
我嘗試找答案 而答案很簡單
簡單得很遺憾 因為成長
我們逼不得已要習慣
因為成長 我們忽爾間說散就散

"
倒數,G.E.M.鄧紫棋,"

                    作詞：G.E.M. 鄧紫棋
           
                            作曲：G.E.M. 鄧紫棋 ／ Lupo Groinig
            
 
編曲：Lupo Groinig
監制：Lupo Groinig

還沒到的櫻花季  還沒用的照相機
還沒光臨的餐廳  還在期待  有著你的旅行
等待日落的巴黎  鐵塔之下牽著你
等待說著我願意  等待未來  每天身邊有你

一點一滴每一天珍惜
怕突然來不及  好好的愛你

時針一直倒數著  我們剩下的快樂
此刻相擁的狂熱  卻永遠都深刻
心跳一直倒數著  生命剩下的溫熱
至少用力地愛著  還烏黑的頭髮  有你就不怕白了

漆黑過後是旭日  淚流以後是堅持
真的愛是日復日  從不放棄  重複說你願意
還沒退化的眼睛  抓緊時間看看你
愛是從來不止息  一個風景  每天新的生命

一點一滴每一天珍惜
用盡每一口氣  好好的愛你

時針一直倒數著  我們剩下的快樂
此刻相擁的狂熱  卻永遠都深刻
心跳一直倒數著  生命剩下的溫熱
至少用力地愛著  還烏黑的頭髮  有你就不怕白了

咖啡再不喝就酸了  晚餐再不吃就冷了
愛著為什麼不說呢  難道錯過了才來後悔著
誰夢未實現就醒了  誰心沒開過就灰了
追逐愛的旅途曲折  就算再曲折為你都值得

一點一滴每一天珍惜
用盡每一口氣  好好的愛你

時針一直倒數著  我們剩下的快樂
此刻相擁的狂熱  卻永遠都深刻
心跳一直倒數著  生命剩下的溫熱
至少痛並快樂著  愛過才算活著  有你別無所求了

有你別無所求了  有你別無所求了
有你別無所求了  有你別無所求了
有你別無所求了

"
身後,aMEI (張惠妹),"

                    作詞：HUSH
           
                            作曲：林俊傑
            
 
我 喜歡看你孩子般走在前頭
像第一次發現世界的探索
告訴我 鮮艷的顏色好多

你 改不掉突然停下來回過頭
想再一次習慣性確認什麼
像是要牽手 或是一起走
直到風景褪色的時候
你身後 會有我
守護你看見盡頭的背後
那片天空 等著另一端新的生活

能不能答應我
臨別時候或許你就先走
徒留感傷就請你留給我
讓我面對你往後的寂寞
能不能答應我
分開時候放心回頭看我
讓我明白牽掛著你的手
鬆開後還能忍住淚向你告別揮手

記得你愛過 你要記得你愛過
記得你曾經走過 記得繼續向前走
記得我眼中 見過你停留
你的身影一直在我的世界裡駐守

能不能答應我
臨別時你或許就先走
徒留的感傷都留給我
讓我面對你往後的寂寞
能不能答應我
分開時候放心回頭看我
讓我明白牽掛著你的手
鬆開後能拭去淚向你告別揮手

別急著答應我
難過的話現在不要說
好好享受安寧的溫柔
能不能答應我
再見時候就別再認出我
別讓我承受牽過的你的手
再重逢已換作你向我告別揮手

"
學貓叫,"小潘潘, 小峰峰","我們一起學貓叫
一起喵喵喵喵喵
在你面前撒個嬌
哎呦喵喵喵喵喵
我的心臟砰砰跳
迷戀上你的坏笑
你不說愛我我就喵喵喵
每天都需要你的擁抱
珍惜在一起的每分每秒
你對我多重要
我想你比我更知道
你就是我的女主角
有時候我懶的像隻貓
脾氣不好時又張牙舞爪
你總是溫柔的
能把我的心融化掉
我想要當你的小貓貓
我們一起學貓叫
一起喵喵喵喵喵
在你面前撒個嬌
哎呦喵喵喵喵喵
我的心臟砰砰跳
迷戀上你的坏笑
你不說愛我我就喵喵喵
我們一起學貓叫
一起喵喵喵喵喵
我要穿你的外套
聞你身上的味道
想要變成你的貓
賴在你懷裡睡著
每天都貪戀著你的好
有時候我懶的像隻貓
脾氣不好時又張牙舞爪
你總是溫柔的
能把我的心融化掉
我想要當你的小貓貓
我們一起學貓叫
一起喵喵喵喵喵
在你面前撒個嬌
哎呦喵喵喵喵喵
我的心臟砰砰跳
迷戀上你的坏笑
你不說愛我我就喵喵喵
我們一起學貓叫
一起喵喵喵喵喵
我要穿你的外套
聞你身上的味道
想要變成你的貓
賴在你懷裡睡著
每天都貪戀著你的好
我們一起學貓叫
一起喵喵喵喵喵
在你面前撒個嬌
哎呦喵喵喵喵喵
我的心臟砰砰跳
迷戀上你的坏笑
你不說愛我我就喵喵喵
我們一起學貓叫
一起喵喵喵喵喵
我要穿你的外套
聞你身上的味道
想要變成你的貓
賴在你懷裡睡著
每天都貪戀著你的好

"
戒菸 ,李榮浩,"

                    作詞：李榮浩
           
                            作曲：李榮浩
            
 
已經為了變的更好去掉鋒芒 一不小心成了你的傾訴對象
電話約在從前約會的地方 要陪你唱歌吃飯我結賬 保持優良習慣

你說最近過的還算幸福美滿 喝了幾杯唱了幾段你卻哭了
想去安慰卻不知什麼立場 聽你說話看你哭濕頭髮 我得到了懲罰

戒了煙我不習慣 沒有你我怎麼辦 三年零一個禮拜 才學會怎麼忍耐
你給過我的傷害 是沒有一句責怪 戒了煙 染上悲傷 我也不想 

你說最近過的還算幸福美滿 喝了幾杯唱了幾段你卻哭了
想去安慰卻不知什麼立場 聽你說話看你哭濕頭髮 我得到了懲罰

戒了煙我不習慣 沒有你我怎麼辦 三年零一個禮拜 才學會怎麼忍耐
你給過我的傷害 是沒有一句責怪 戒了煙 染上悲傷  我也不想 我也不想
誰也不想

戒了煙我不習慣 沒有你我怎麼辦 三年零一個禮拜 才學會怎麼忍耐
你給過我的傷害 是沒有一句責怪 戒了煙 染上悲傷  我也不想

"
愛了很久的朋友,田馥甄 (Hebe),"

                    作詞：林珺帆
           
                            作曲：黃韻玲
            
 
本來想著以後 有了什麼就夠
到後來我只能夠 想像你們的以後
以為我像氣球 追逐風的自由
以後只能懷念 釋放我的那雙手

可笑在愛到血肉模糊時候 淚水能補救
可惜到傷疤結在心頭 只能笑一笑問候
好在有千言萬語也沒人肯 說內疚
因為到最後 最痛苦的分手
總有快樂的理由

以為永遠很遠 不願就此停留
以後有太多可能 何必叫青春將就
以為我會改變 變得更懂愛情
最後我們變成 愛了很久的朋友

可笑在愛到血肉模糊時候 淚水能補救
可惜到傷疤結在心頭 只能笑一笑問候
好在有千差萬錯也沒人肯 說內疚
因為到最後 最痛苦的分手
總有快樂的理由

可笑在愛到血肉模糊時候 淚水能補救
可惜到傷疤結在心頭 只能笑一笑問候
好在有千差萬錯也沒人肯 說內疚
因為到最後 我們才能擁有
愛了很久的朋友

"
SOUTH SIDE,頑童MJ116,"

                    作詞：頑童MJ116
           
                            作曲：頑童MJ116
            
 
瘦子 E-SO
SNAPBACK WHITE FORCE OLD SCHOOL FLAVA
RUNNING 木柵 GETTING BLUE PAPPER
車裡載的代表三峽夥伴
其他的人說了什麼講三小我幹
快點搖下窗戶點頭裝酷
喇叭開到最大讓他們知道是誰來光顧
巡迴不計天數 我感謝天父
低於限速的二手車 輪框依然電鍍
訂閱我的PAGE 不是湊巧只關注
那些COPY CAT愛裝成鄉民比酸度
VIDEO太FAKE一堆臭小子充數
我們的派對 我歡迎臭婊子加入
尊敬我的前輩不管搭幾次BEAT
慶功的香檳又忘了開幾支去
WE PARTY SO HARD 你待在家裡視訊
我項鍊99K管你押幾次韻

超爽的開著二手車 聽著饒舌歌
口音老鄉土 來自南方的台客素TEE穿白色
WHAT YOU GONNA DO
SOUTHSIDE SOUTHSIDE 台北台北市
SOUTHSIDE SOUTHSIDE 台北台北CHICKS
SOUTHSIDE SOUTHSIDE 台北台北市
SOUTHSIDE SOUTHSIDE 台北台北KIDS

小春 KENZY
自己賺的我爽就花 奢華的都市 簡單過生活
從松山開始走跳來到木柵 早就賺到第一台二手車
比出手勢打招呼 我們點頭
HOLLA AT ME不在乎是否眼熟
台北以南的城市 四處走跳
HULSTE EVERY DAY 管誰跟我有仇
我賺來的錢根本不需繳車貸
沒在背債鈔票塞褲帶自己承擔好壞
想陷害我 見怪不怪 但是現代 改朝換代 妹仔知道該要選誰變態
BABY IN MY CAR 車廂還有球棒
別隨意按喇叭棒子往你車上撞
習慣溜搭開著車在街上晃
在道路上假欻 跟我兄弟漂浪

超爽的開著二手車 聽著饒舌歌
口音老鄉土 來自南方的台客素TEE穿白色
WHAT YOU GONNA DO
SOUTHSIDE SOUTHSIDE 台北台北市
SOUTHSIDE SOUTHSIDE 台北台北CHICKS
SOUTHSIDE SOUTHSIDE 台北台北市
SOUTHSIDE SOUTHSIDE 台北台北KIDS

大淵 MUTA
副駕車位 限乘辣妹
最辣的台妹 讓你先插隊
跟我去LONG DRIVE
忘記那些雜碎白襪配拖鞋
老鄉中的FASHION 關鍵
車身都降低 然後ㄍㄧㄥ著我的低音快當機 要當心
前面照相機 超速被拍的時候我還在車上吃炸雞
買東西不喜歡下車
他們知道我寫的生活不是假的
認識我的人才知道品味跟價格
我開的車是九零紅色五門的雅哥
四處亂晃開車 讓妹們都愛著
南方老鄉的PARTY讓她們覺得太扯
就愛泡妞改車 再把兄弟載著
代表南方的老鄉我就是來自木柵的台客

超爽的開著二手車 聽著饒舌歌
口音老鄉土 來自南方的台客素TEE穿白色
WHAT YOU GONNA DO
SOUTHSIDE SOUTHSIDE 台北台北市
SOUTHSIDE SOUTHSIDE 台北台北CHICKS
SOUTHSIDE SOUTHSIDE 台北台北市
SOUTHSIDE SOUTHSIDE 台北台北KIDS

"
偷故事的人,aMEI (張惠妹),"

                    作詞：艾怡良
           
                            作曲：艾怡良
            
 
當你走的那天 我不再說故事了
不再編織起承轉合 也不用為結局苦惱了

當你走的那天 你不再說故事了
不再安排我的對白 也叫我別再著迷了

於是偷走令自己大笑的故事
於是偷走令自己傷心的故事

而我總任性的 對別人驕傲的說著
口沫橫飛 生動的 像我們一起走過的
本可那樣 幸福的

而你走的那天 所有觀眾隨你走了
聽者既然無心聽著 說者當然也無意了

應該要一一道歉 我不該偷故事的
是你讓我的精彩空了 而想念讓人變狂了

於是拼湊了別人傷心的故事
於是黏貼了別人快樂的故事

而我總練習著 如何驕傲的說著
同時不再情緒化的為偷竊行為負責
因為愛是貧窮的

為我的無禮道歉 我道歉 我道歉
為我的虛榮道歉 我道歉 我道歉

像每個寓言說的 貪婪是有代價的
我擁有超過我能承載的
你連結局也不留了

於是偷走令自己大笑的故事
於是偷走令自己傷心的故事

而我總任性的
對別人驕傲的說著
口沫橫飛 生動的 像我們一起走過的
本可那樣 幸福的

我道歉 我道歉
我不該偷故事的

"
無窮 ,吳汶芳 (Fang Wu),"

                    作詞：吳汶芳
           
                            作曲：吳汶芳
            
 
編曲：奧斯卡

我知道 我都知道
終將要逝去的美好
在無聲之海裡圍繞
灑遍了掙扎的浪濤

你知道 你都知道
我們是多麼的渺小
瞬間或永恆裡尋找
茫然未知已約定好

天涯無窮
走過匆匆
在錯綜裡相逢
只有在愛裡信念揚起
默然也敞開了心

此刻無窮
多少永久
才能再次相擁
在無邊無際的時空
緊抓住我 別讓世界墜落

我知道 我都知道
未知開在荒地茫然
而希望凋零在乾旱
怎能喚醒心中嚮往

可你知道 你都知道
我們是多麼的渺小
瞬間或永恆裡尋找
等待的人有誠請擾

天涯無窮
走過匆匆
在錯綜裡相逢
只有在愛裡信念揚起
默然也敞開了心

此刻無窮
多少永久
才能再次相擁
在無邊無際的時空
請抱著我 不再錯過

天涯無窮
走過匆匆
在錯綜裡相逢
只有在愛裡信念揚起
默然也敞開了心

此刻無窮
多少永久
才能再次相擁
在無邊無際的時空
請抱著我 不再錯過

"
成全,林宥嘉 (Yoga Lin),"

                    作詞：施立 / 陳沒
           
                            作曲：陳小霞
            
 
看著你和她走到我面前
微笑地對我說聲 好久不見
如果當初沒有我的成全
是不是今天還在原地盤旋

不為了勉強可笑的尊嚴
所有的悲傷丟在 分手那天
未必永遠才算愛得完全
一個人的成全 好過三個人的糾結

我對你付出的青春這麼多年
換來了一句 謝謝妳的成全
成全了你的瀟灑與冒險
成全了我的碧海藍天

她許你的海誓山盟蜜語甜言
我只有一句 不後悔的成全
成全了你的今天與明天
成全了我的下個夏天

不為了勉強可笑的尊嚴
所有的悲傷丟在 分手那天
未必永遠才算愛得完全
一個人的成全 好過三個人的糾結

我對你付出的青春這麼多年
換來了一句 謝謝妳的成全
成全了你的瀟灑與冒險
成全了我的碧海藍天

她許你的海誓山盟蜜語甜言
我只有一句 不後悔的成全
成全了你的今天與明天
成全了我的下個夏天

我對你付出的青春這麼多年
換來了一句 謝謝妳的成全
成全了你的瀟灑與冒險
成全了我的碧海藍天

她許你的海誓山盟蜜語甜言
我只有一句 不後悔的成全
成全了你的今天與明天
成全了我的下個夏天

"
"我多喜歡你,你會知道",王俊琪,"

                    作詞：楊凱伊
           
                            作曲：楊凱伊
            
 
編曲：張博倫

我喜歡你的眼睛 你的睫毛 你的冷傲
我喜歡你的酒窩 你的嘴角 你的微笑
我喜歡你全世界都知道 嘲笑 別鬧
我會繼續 請你準備好

我喜歡你的襯衫 你的手指 你的味道
我想做你的棉襖 你的手套 你的心跳
我喜歡你全世界都明了 煎熬 彆氣惱
我多耐心 請你等著瞧

喜歡你在每一刻 每一秒
喜歡你在每一處 每一角
喜歡你已變成習慣難以戒掉
我多喜歡你 我不知道

喜歡你讓下雨天 放晴了
喜歡你讓下雪天 溫暖了
喜歡你已變成信仰難以放掉
我多喜歡你 你會知道

我喜歡你打籃球 每個瞬間 都很閃耀
我喜歡你彈鋼琴 每個音符 都很美妙
我喜歡你陪我看書 分心看我 偷笑
翻頁遊戲 我配合你導

偶爾心情 感冒發燒
你是甜的藥
就算down到爆
有你煩惱全消

喜歡你在每一刻 每一秒
喜歡你在每一處 每一角
喜歡你已變成習慣難以戒掉
我多喜歡你 我不知道
喜歡你讓英文書 有趣了
喜歡你讓數學題 簡單了
喜歡你已變成信仰難以放掉
我多喜歡你 你會知道

我多喜歡你 你會知道

"
愛過你有多久就有多痛 ,蕭秉治Xiao Bing Chih,"

                    作詞：蕭秉治
           
                            作曲：蕭秉治
            
 
錯怎麼辦無法再重來
我怎麼辦少了你的未來
誰能代替我親吻你說晚安
你怎麼會手突然放開
你怎麼會說不愛就不愛
原來承諾只是一時的快感

嘩拉拉拉午夜下著雨
像冰冷刺骨的旋律
嘩拉拉拉濕透我的心
而我只能夠呆愣在這 單戀在這
全心全意想著你my baby

愛過你有多久就有多痛
失去你有多久就有多濃
我只能一個人晚餐
只能跟自己晚安
再也找不回讓我唯一呼吸的理由
愛過你有多久就有多痛
失去你有多久就有多濃
我只能讓眼淚氾濫
只能跟寂寞作伴
只能活在夢裡尋找你的線索

回憶是最固執的無賴
夢醒時分思念依然糾纏
你帶走了相愛只留下傷害
迴避是我最後的疼愛
別說對不起都是我活該
只要你快樂我會瀟灑離開

嘩拉拉拉午夜下著雨
像冰冷刺骨的旋律
嘩拉拉拉濕透我的心
而我只能夠呆愣在這 單戀在這
全心全意想著你my baby

愛過你有多久就有多痛
失去你有多久就有多濃
我只能一個人晚餐
只能跟自己晚安
再也找不回讓我唯一呼吸的理由
愛過你有多久就有多痛
失去你有多久就有多濃
我只能讓眼淚氾濫
只能跟寂寞作伴
只能活在夢裡尋找你的線索

錯怎麼辦
我怎麼辦
誰能代替我親吻你說晚安

愛過你有多久就有多痛
失去你有多久就有多濃
我只能一個人晚餐
只能跟自己晚安
再也找不回讓我唯一呼吸的理由
愛過你有多久就有多痛
失去你有多久就有多濃
我只能讓眼淚氾濫
只能跟寂寞作伴
只能活在夢裡尋找你的線索


"
追光者 ,蔡佩軒 (Ariel Tsai),"

                    作詞：唐恬
           
                            作曲：馬敬
            
 
如果說你是海上的煙火 我是浪花的泡沫
某一刻你的光照亮了我

如果說你是遙遠的星河 耀眼得讓人想哭
我是追逐著你的眼眸 總在孤單時候眺望夜空

我可以跟在你身後 像影子追著光夢遊
我可以等在這路口 不管你會不會經過

每當我為你抬起頭 連眼淚都覺得自由
有的愛像陽光傾落 邊擁有邊失去著

如果說你是夏夜的螢火 孩子們為你唱歌
那麼我是想要畫你的手

你看我多麼渺小一個我 因為你有夢可做
也許你不會為我停留 那就讓我站在你的背後

我可以跟在你身後 像影子追著光夢遊
我可以等在這路口 不管你會不會經過

每當我為你抬起頭 連眼淚都覺得自由
有的愛像大雨滂沱 卻依然相信彩虹

我可以跟在你身後 像影子追著光夢遊
我可以等在這路口 不管你會不會經過

每當我為你抬起頭 連眼淚都覺得自由
有的愛像大雨滂沱 卻依然相信彩虹

"
2030,頑童MJ116,"

                    作詞：頑童MJ116
           
                            作曲：頑童MJ116
            
 
製作人Producer：梯依恩TeN
編曲MusicArranger：剃刀蔣 RAZOR Chiang / 梯依恩TeN

十年的計劃今天都兌現
很抱歉 我曾經說過我不會變
我變得更強大 我自認沒有虧欠
年輕的兄弟 我會一直伴在你的身邊
我知道你才20 太多抱負願景
你認為這個星球上沒有人擋得住你
你笑我變得顧慮 笑我變得不再像你
那是因為現在的你想的只有自己

這個世界雖大 但沒留給我太多的縫隙
我曾經因為害怕 我也做了錯的決定
留下那些真的兄弟 讓你一直保持冷靜
WHERE’S MY HOMIES AT SOUTHSIDE I NEED MY FLOW BACK
你會遇到很多新的選項 你無法想像
其實很多事情都是假象 你不能怎樣
那些金曲獎的獎項 都是舊時代的榜樣
其實不拿也不怎樣 08依然巡迴演唱

記得心存感激 記得禱告
即使再強的人 靈魂需要被神擁抱
照顧身體健康 不要嫌我老套
那個很酷的女孩 希望你有天也會找到
學會戰爭 學會取捨 不要害人
現在才懂 最強大的力量是去愛人
爬得越高身段放得越低
會吠的狗不攻擊 難在贏要如何謙虛

SALUTE TO THE SOLDIER 十年最大的陣仗
告訴你的團員 我們最後打了勝仗
但要了解會有痛苦在這路上
還有永遠不要忘記你他媽的來自木柵 WHAT’S UP

要時間過快一點 我想要見到大場面
房間三坪的空間 幻想最大的照片
是頑童你知道的 大家知道了又如何
台下千萬張的臉 我需要你的無畏

BOY I TOLD YOU I’M THE MAN 早就說過
BOY YOU WILL BE THE MAN
ON TOP OF THE WORLD
I TOLD YOU I’M THE MAN 扛下所有
BOY YOU WILL BE THE MAN ONE DAY
別害怕那些不完美

臭小子看到了嗎 十年奮鬥下來的同時
台下群眾正烈著喊著你們的名字
放下七仔懶的個性 出頭顛覆明日
肩負曾經發的誓 場次永遠不會停止
我曾說了 不要怕輸 做就對了
即使趴著 也要爬上山頭看著
那些看不起的LOSER 全部給我跪著
你會的 告訴現在的我你是對的
雖然沒有天賦 會比別人艱苦 免羨慕
版圖自我建築 名聲遍佈
即使會有變數 讓你感到厭惡 勤練武
顛覆他們瞧你的真面目
往後十年要對家庭有所交代
別把孩子教壞 攜手兄弟WORLDWIDE
不要害怕重來切記挺起你的胸懷
隨時保持戰鬥坐擁名利回收金塊

BOY I TOLD YOU I’M THE MAN 早就說過
BOY YOU WILL BE THE MAN
ON TOP OF THE WORLD
I TOLD YOU I’M THE MAN 扛下所有
BOY YOU WILL BE THE MAN ONE DAY
別害怕那些不完美

偉大理想抱負 不懂得怎麼保護
只想著好處 多少人需要你幫忙照顧
你從沒想過退路 沒想過後顧
沒想太多 所以人與人的關係就斷了後路
我瞭你不想解釋 不想這麽做作
也懂你自私 不想在這染缸裡面攪和
不懂得天高地厚 不覺得自己做錯
等感受孤獨寂寞 才知道是哪裡錯過
記住世界不會為你一人轉動
第一次電視轉播你的家人比誰都還感動

記得飛得再遠也要回過頭來感受
那些日子甘苦是如何與現實纏鬥
你為我編了髒辮 我為什麼變得商業
為了幾個臭錢 把自己變得這麼犯賤
難道你夢想 一輩子在地下做這音樂
如果沒走出這一步 怎麼會被人看見
你說我變了 我真的變了 經歷各種險惡
十年檢測 堅持是我會的
打破老舊的規則 來證明我是對的
只要我活著 這夢想我依然持續揹著

BOY I TOLD YOU I’M THE MAN 早就說過
BOY YOU WILL BE THE MAN
ON TOP OF THE WORLD
I TOLD YOU I’M THE MAN 扛下所有
BOY YOU WILL BE THE MAN ONE DAY
別害怕那些不完美

要時間過快一點 我想要見大場面
房間三坪的空間 幻想最大的照片
是頑童你知道的 大家知道又如何
千萬張的臉 有一天我會想念

"
星火 ,飛兒樂團 (F.I.R.),"

                    作詞：藍小邪、陳建寧(F.I.R.)
           
                            作曲：阿沁(F.I.R.)
            
 
記得暖暖的夜空
記得你側臉輪廓
記得沈默之中你把我的手緊握
哪管世界以後會變成什麼

可以不相信永恆
可以不在乎擁有
可以不理明天會有多麽的洶湧
只想記住此刻我有多快樂

風吹過 遠遠的星像快墜落
就只有 我們看見它閃爍
微弱卻用力的 擦亮夜空
多像你的眼中我倔強笑容

我要我 盛放心中 快要熄滅的花火
我要我 救活命中 快要逝去的英勇
我要我 為你找到 更好的那一個我
幸福像星火 一點就足夠 燎原今後
渺小的星火 燃燒過才懂 夢是什麼

可以不相信永恆
可以不在乎擁有
可以不理明天會有多麽的洶湧
只想記住此刻我有多快樂

風吹過 遠遠的星像快墜落
就只有 我們看見它閃爍
微弱卻用力的 擦亮夜空
多像你的眼中我倔強笑容

我要我 盛放心中 快要熄滅的花火
我要我 救活命中 快要逝去的英勇
我要我 為你找到 更好的那一個我
幸福像星火 一點就足夠 燎原今後
渺小的星火 燃燒過才懂 夢是什麼

若星光 忽明忽暗 太莫測
我願意 為了你 閃爍
若彩虹 終究蒸發成 華麗泡沫
我願做你世界裡 那最倔強的執著

我要我 盛放心中 快要熄滅的花火
我要我 救活命中 快要逝去的英勇
我要我 為你找到 更好的那一個我
幸福像星火 一點就足夠 燎原今後
渺小的星火 燃燒過才懂 夢是什麼
Oh~~~
我這顆星火 燃燒過才懂 愛是什麼

"
少年董 ,頑童MJ116,"

                    作詞：頑童MJ116
           
                            作曲：頑童MJ116
            
 
編曲:王淳壹 Jo$h Beat$

十張威力旺卡 GOLDEN TICKETS
我該把誰給帶著 與我同行者同進出
4 5 6 Millions I'm gonna split it
讀了萬卷書 還不如行了萬里路
我高中肄業 九份工作只是跳板
賺我第一桶金 創業幫自己加薪
我絕不再領薪水 所以手臂刺滿
隨時都能退休 不用拼到半百
你不懂董仔不只在爽 他是一雙手
散沙能堆成山 也不用一鐘頭
拉住兄弟的手 今晚一起攻山頭
每一次的握手都能夠讓局面變不同

精壯 like a KING KONG 地表高級 APE
捐掉我的衣裳 價值 100K
我的城市需要更多愛 頻繁下雨天
跟上 You will learn some 這是 Training day

I take what I want 弄髒自己手
沒有白吃的午餐 送到家門口
我靠腦子在賺錢 Everywhere I go
KA-CHING KA-CHING Super Mario

少年董 少年董 吃得太好不敢再笑人胖
少年董 少年董 晚上出門帶幾個少年仔

少年董不藏私 兄弟ㄧ起賺
交易只用現金 不尬三點半
決策要果斷 賺錢不能縮肚 我來做典範
大膽出來混口飯 管他搬運磚頭還是掏扁鑚
不把話說滿 只為家庭能享福我勤點幹
阮整碗攏總捧 照顧甘苦人 建造兄弟避風港
兵來我將擋 把哥們帶上 就算前為死路 也拿命照樣闖
天道酬勤 做事要巴結
不走捷徑 章節輕鬆寫
做人如履薄冰 出口字字帶金
待人走心 享受倒吃甘蔗甜

少年董 少年董 吃得太好不敢再笑人胖
少年董 少年董 晚上出門帶幾個少年仔
少年董 少年董 吃得太好不敢再笑人胖
少年董 少年董 晚上出門帶幾個少年仔

我將雙手袖子捲起 不想再看誰臉色
用盡全力 不讓自己有點餓
建造 自己背景 少年仔的崛起
都是白手起 家欲戶曉 再多賺幾個零
別再只用眼神看 想著怎麼幹
月薪領幾萬 你早習慣 看著別人賺
拆掉名牌吊牌 OFF WHITE
COZY 賓士並排 Boss life
董仔喜歡解決問題 不論ㄧ通電話 還是見面三分情
不是ㄧ夜致富 懂得打拼的心情 董仔之所以屌也是從底層拼起
看好直接框 不要左顧右盼
沙發左右排開都是開始的夥伴
同樣大的心 生意繞著我們轉
用真心在帶人 死後為我寫列傳

I take what I want 弄髒自己手
沒有白吃的午餐 送到家門口
我靠腦子在賺錢 Everywhere I go
KA-CHING KA-CHING Super Mario

少年董 少年董 吃得太好不敢再笑人胖
少年董 少年董 晚上出門帶幾個少年仔

"
漂向北方 ,"黃明志, G.E.M.鄧紫棋","

                    作詞：黃明志
           
                            作曲：黃明志
            
 
編曲：蕭啟賢

漂向北方 別問我家鄉
高聳古老的城牆 擋不住憂傷
我漂向北方 家人是否無恙
肩上沉重的行囊 盛滿了惆悵

有人說他在老家欠了一堆錢 需要避避風頭
有人說練就了一身武藝卻沒機會嶄露
有人失去了自我 手足無措四處漂流
有人為了夢想為了三餐為養家餬口

他住在燕郊區 殘破的求職公寓
擁擠的大樓裡 堆滿陌生人都來自外地
他埋頭寫著履歷 懷抱著多少憧憬
往返在九三零號公路 內心盼著奇蹟

忍著淚 (不聽也不想 不敢回頭望的遺憾)
掩著傷 (扛下了夢想 要毅然決然去流浪)
抬頭看 (卸下了自尊 光環 過去多風光)
著斜陽 (就算再不堪 敗仗 也不能投降)

親愛的 (再見了南方 眺望最美麗的家鄉)
在遠方 (椰子樹搖晃 夢境倒映著的幻象)
這城市 (霧霾太猖狂 不散 都看不清前方)
太迷惘

我漂向北方 別問我家鄉
高聳古老的城牆 擋不住憂傷
我漂向北方 家人是否無恙
肩上沉重的行囊 盛滿了惆悵
也是最後寄望 回不去的遠方

空氣太髒 太混濁 他說不喜歡
車太混亂 太匆忙 他還不習慣
人行道一雙又一雙 斜視冷漠的眼光
他經常將自己灌醉 強迫融入 這大染缸

走著腳步蹣跚 二鍋頭在搖晃
失意的人啊偶爾醉倒在那胡同陋巷
咀嚼爆肚涮羊 手中盛著一碗熱湯
用力地 溫暖著 內心裡的不安

忍著淚 (不聽也不想 不敢回頭望的遺憾)
掩著傷 (扛下了夢想 要毅然決然去流浪)
抬頭看 (卸下了自尊 光環 過去多風光)
著斜陽 (就算再不堪 敗仗 也不能投降)

親愛的 (再見了南方 眺望最美麗的家鄉)
在遠方 (椰子樹搖晃 夢境倒映著的幻象)
這城市 (霧霾太猖狂 不散 都看不清前方)
太迷惘

我漂向北方 別問我家鄉
高聳古老的城牆 擋不住憂傷
我漂向北方 家人是否無恙
肩上沉重的行囊 盛滿了惆悵

就像那塵土飄散隨著風向 誰又能帶領著我一起飛翔
我站在天壇中央閉著眼 祈求一家人都平安

漂向北方 別問我家鄉
高聳古老的城牆 擋不住憂傷
我漂向北方 家人是否無恙
肩上沉重的行囊 盛滿了惆悵

(漂向北方)我站在天子腳下 被踩得喘不過氣
(別問我家鄉)走在前門大街 跟人潮 總會分歧
(高聳古老的城牆)或許我根本不屬於這裡 早就該離去
(擋不住憂傷)誰能給我致命的一擊 請用力到徹底

(我漂向北方)這裡是夢想的中心 但夢想都遙不可及
(家人是否無恙)這裡是圓夢的聖地 但卻總是撲朔迷離
(肩上沉重的行囊)多少人敵不過殘酷的現實 從此銷聲匿跡
(盛滿了惆悵)多少人陷入了昏迷 剩下一具 空殼屍體
(也是最後寄望) Rest In Peace
回不去的遠方
別問我家鄉

"
言不由衷 ,徐佳瑩 (LaLa Hsu),"

                    作詞：艾怡良
           
                            作曲：艾怡良
            
 
言不由衷 言不由衷
當唯美的祝福都不能
闔上愛的善變

有始有終 只能有始有終
容我為我們寫一篇禱文

願你永遠安康 願你永遠懂得 飛翔
願你真的愛一個人 某個人 那個人
而懂溫暖來自何方

我如此堅強 願我永遠善良
願我真愛上一個人 某個人 那個人
是不慌不忙 是心之所向

不知輕重 不知輕重
那是虔誠如我也不能
昇華人的懦弱

愛的初衷 顧念愛的初衷
不變的還是我對愛的愚勇

願你永遠安康 願你永遠懂得 飛翔
願你真的愛一個人 某個人 那個人
而懂溫暖來自何方

我如此堅強 願我永遠善良
願我真愛上一個人 某個人 那個人
是不慌不忙 是心之所向

願你永遠安康 願你永遠懂得 飛翔
願你真的愛一個人 某個人 那個人
而懂溫暖來自何方

我如此堅強 願我永遠善良
願我真愛上一個人 某個人 那個人
是不慌不忙 是心之所向

願逝去的愛能 原諒我們

"
傲嬌,"aMEI (張惠妹), 艾怡良 (Eve Ai), 徐佳瑩 (LaLa Hsu)","

                    作詞：艾怡良
           
                            作曲：徐佳瑩
            
 
紅了眼 發高燒
青蛙腿 假清高
黑魔咒 哪一招
忌妒心 在發泡
女孩們 請祈禱
毒蘋果 在偷笑
迷魂藥 用不著
都愛我 我知道

唉 好難熬
我前凸後翹又招惹誰了
最新款 水蛇腰
老遠聞到妳醋味在發酵
誰怕誰誤會
我生來高調 奉勸生人勿擾
女巫盛裝狂歡 讓嫉妒燒

第一幕 綠色煙霧
第二幕 揚起憤怒
熬了羡慕忌妒 不痛不癢的騙術
第一步 眼淚珍珠
第二步 妳的孤獨
愛讓妳中毒 痛哭
親愛的妳不該跟我

愛 真不該
它害妳潑婦罵街 不可愛
可憐我 多清白
再美也不至於上斷頭台
誰怕誰誤會
我生來高調 奉勸生人勿擾
女巫盛裝狂歡 讓嫉妒燒

妳的腦 仍在裹小腳
穿得再少
我爸覺得好就好妳管不著
放蕩是傲嬌的一種記號
女巫不發威妳真當我病貓
紅顏禍水 算我頭上就好
忌妒是罪 巫術毒藥收好
過多自卑 收下就不用找
回家自己玩十八段變速玩具 通宵

第一幕 綠色煙霧
第二幕 揚起憤怒
熬了羡慕忌妒 不痛不癢的騙術
第一步 眼淚珍珠
第二步 妳的孤獨
愛讓妳中毒 痛哭
親愛的妳不該跟我賭

紅了眼 發高燒
青蛙腿 假清高
黑魔咒 哪一招
忌妒心 在發泡
女孩們
眼淚珍珠
毒蘋果
妳的孤獨
迷魂藥
愛讓妳中毒 痛哭
親愛的妳不該跟我賭

"
Despacito 緩緩 ,"Luis Fonsi, 林俊傑 (JJ Lin)","

                    作詞：Luis Fonsi/Erika Ender/JJ Lin/Harry Chang/Jovany Barreto/Hong Tat Tong/林俊傑
           
                            作曲：Luis Fonsi/Erika Ender/JJ Lin/Harry Chang/Jovany Barreto/Hong Tat Tong/林俊傑
            
 
你的笑容在我前方兩點鐘
我用睫毛剪接你每個舉動
髮飄的節奏 像是個獨奏
讓我幫你伴奏
我的心房季節沒有春秋冬
炎熱夏天曬到你的臉蛋紅
晶瑩的眼眸 情書般剔透
交給我來拆封
慢著 放慢動作
定格 你的輪廓
回放品嚐每一個互動

Oh Tú tú eres el imán y yo soy el metal
Me voy acercando y voy armando el plan
Sólo con pensarlo se acelera el pulso
Ya ya me estás gustando más de lo normal
Todos mis sentidos van pidiendo más
Esto hay que tomarlo sin ningún apuro

DESPACITO
緩緩的掌控完美無瑕火候
忍住呼吸卻還是氣味相投
即使不在身邊也
能記住我

DESPACITO
Quiero desnudarte a besos despacito
Firmo en las paredes de tu laberinto
Y hacer de tu cuerpo todo un manuscrito

你的朦朧眼神每分每秒呼喚著我
玫瑰香味漫游到我心頭
我要成功闖關你的迷宮

Déjame sobrepasar tus zonas de peligro
Hasta provocar tus gritos
Y que olvides tu apellido
DESPACITO

音樂噗通噗通 地板噗通噗通
胸懷噗通噗通 動脈噗通噗通
我們的情調保證跟別人不同

音樂噗通噗通 地板噗通噗通
胸懷噗通噗通 動脈噗通噗通
我給你的愛絕對是與眾不同

音樂噗通噗通 地板噗通噗通
胸懷噗通噗通 動脈噗通噗通
我給你的吻獨家一點不普通
慢著 放慢動作
定格 你的輪廓
回放品嚐每一個互動

DESPACITO
緩緩的掌控完美無瑕火侯
忍住呼吸卻還是氣味相投
即使不在身邊也
能記住我

DESPACITO
Quiero desnudarte a besos despacito
Firmo en las paredes de tu laberinto
Y hacer de tu cuerpo todo un manuscrito

你的朦朧眼神每分每秒呼喚著我
玫瑰香味漫游到我心頭
我要成功闖關你的迷宮

Déjame sobrepasar tus zonas de peligro
Hasta provocar tus gritos
Y que olvides tu apellido

DESPACITO
緩緩的掌控完美無瑕火侯
忍住呼吸卻還是氣味相投
即使不在身邊也能記住我
我要給你天空 我要跟你轉動
我要陪你作夢 我要讓你受寵
我為你訂做專屬的私人宇宙
我要給你天空 我要跟你轉動
我要陪你作夢 我要讓你受寵
我為你訂做專屬的宇宙
DESPACITO

"
我們 ,陳奕迅 (Eason Chan),"

                    作詞：葛大為
           
                            作曲：陳建騏
            
 編曲/製作: 陳建騏

該說的 別說了
你懂得 就夠了
真的有 某一種悲哀
連淚也不能流
只能 目送
我最大的遺憾
是你的遺憾 與我有關
沒有句點 已經很完美了
何必誤會 故事 沒說完

還能做什麼呢
我連 傷感 都是 奢侈的
我一想念 你就那麼近
但終究 你都不能
陪我到 回不去的 遠方
原來我很快樂
只是不願承認
在我懷疑 世界時
你給過我 答案

我最大的遺憾
是你的遺憾 與我有關
沒有句點 已經很完美了
何必誤會 故事 沒說完
還能做什麼呢
我連 傷感 都是 奢侈的

我一想念 你就那麼近
但終究 你都不能
陪我到 回不去的 遠方
原來我很快樂
只是不願承認
在我懷疑 世界時
你給過我 答案

我感覺到幸福
是看見你幸福
曾經親手把時間變慢
可惜我們 沒有等 我們


"
我好想好想你 ,蕭秉治Xiao Bing Chih,"

                    作詞：蕭秉治
           
                            作曲：蕭秉治
            
 
如果生命只是一粒塵埃
為何放手無法痛快
最後一次說晚安
我最親愛的夥伴
我的心碎成了萬千遺憾
你走得如此狼狽不堪
那些來不及說出口的愛

猜猜 猜猜
多少煎熬讓你
掰掰 掰掰
找不到勇氣可以
待待 待待
你為何獨自承擔
每一個夜晚
猜猜 猜猜
多少絕望讓你
掰掰 掰掰
等不到幸福可以
待待 待待
你怎麼捨得離開

我好想好想你
我無法呼吸 痛無所遁形
該怎麼原諒自己
我好想好想你
我無能為力 心無法痊癒
想聽你再說一句
我愛你

如果時間像是一片大海
為何思念無法沖淡
答應我笑得燦爛
我才捨得你離開
你的痛化成了萬片雲彩
下輩子要更幸福勇敢
愛會讓回憶一直的點燃

猜猜 猜猜
多少煎熬讓你
掰掰 掰掰
找不到勇氣可以
待待 待待
你為何獨自承擔
每一個夜晚
猜猜 猜猜
多少絕望讓你
掰掰 掰掰
等不到幸福可以
待待 待待
你怎麼捨得離開

我好想好想你
我無法呼吸 痛無所遁形
該怎麼原諒自己
我好想好想你
我無能為力 心無法痊癒
想聽你再說一句
我愛你

我好想好想你

Come back to me my baby 我好想好想你
我無法呼吸 痛無所遁形
該怎麼原諒自己
我好想好想你
我無能為力 心無法痊癒
想聽你再說一句
我好想好想你 我愛你
我無法呼吸 痛無所遁形
該怎麼原諒自己
我好想好想你
我無能為力 心無法痊癒
想聽你再說一句
我愛你

"
走心,賀敬軒 (CoCo),"

                    作詞：區密
           
                            作曲：區密
            
 
編曲：區密

說白了不聯繫就當做考驗
聽累了謊話多了都會厭倦
說好了要面對日月交替四季更迭

該說的沒必要再拉拉扯扯
該做的連遺憾都規劃好了
該有的都有了就是沒有我們了

該醒了在你懷中做夢太久了
該停了俗套的橋段又爛大街
為何等人心變了才去說懷念從前

該醒了我也畢竟只是個過客
該走了煙火劃落禮貌的感謝
心存幻想的堅持才是最傷自己的

說白了不聯繫就當做考驗
聽累了謊話多了都會厭倦
說好了要面對日月交替四季更迭

該說的沒必要再拉拉扯扯
該做的連遺憾都規劃好了
該有的都有了就是沒有我們了

該醒了在你懷中做夢太久了
該停了俗套的橋段又爛大街
為何等人心變了才去說懷念從前

該醒了我也畢竟只是個過客
該走了煙火劃落禮貌的感謝
心存幻想的堅持才是最傷自己的

該醒了在你懷中做夢太久了
該停了俗套的橋段又爛大街
為何等人心變了才去說懷念從前

該醒了我也畢竟只是個過客
該走了煙火劃落禮貌的感謝
心存幻想的堅持才是最傷自己的

心存幻想的堅持才是最傷自己的

"
123我愛你,新樂塵符-賀子玲,"一全聽你的
二給你好的
數到三永遠愛你一個
四不會犯錯
五不會囉嗦
每天為你打call
cook也不錯
輕輕貼近你的耳朵
사랑해요
情話永遠不嫌太多
對你說
打開你的愛情手冊
就在此刻
為你唱的專屬情歌
要記得
dadadadada 靠近你的耳朵
dududududu 사랑해요
baby 我愛你
一全聽你的
二給你好的
數到三永遠愛你一個
四不會犯錯
五不會囉嗦
每天為你打call
cook也不錯
輕輕貼近你的耳朵
사랑해요
情話永遠不嫌太多
對你說
打開你的愛情手冊
就在此刻
為你唱的專屬情歌
要記得
我靠近你的耳朵
사랑해요
情話永遠不嫌太多
對你說
打開你的愛情手冊
就在此刻
為你唱的專屬情歌
要記得
輕輕貼近你的耳朵
사랑해요
情話永遠不嫌太多
對你說
打開你的愛情手冊
就在此刻
為你唱的專屬情歌
要記得
dadadadada 靠近你的耳朵
dududududu 사랑해요
baby 我愛你
baby 我愛你

"
半句再見 ,孫燕姿 (Yanzi Sun),"

                    作詞：藤井樹
           
                            作曲：李偲菘
            
 
編曲：Terence Teo

一張照片 半句再見 塵封的紀念
用眼淚把你複習一遍
殘缺的詩篇 遺忘的誓言
誰腦海有張忘不掉的臉

微紅的眼 微亮的天 好一次失眠
回憶輕易帶走了時間
有些從前 太執念 那痕跡 太明顯
而故事被遺憾 畫上了重點

為何不放 既是過往 雲煙
想要遺忘 怎麼反覆 掛牽
往哪裡找安慰 會簡單一些
我被思念制約 快樂顯得卑微

怎麼不放 早是過往 雲煙
越想遺忘 越是反覆 掛牽
而你在心裡面 要怎麼道別
說這半句再見 已過了多少年
無解

一端在彼 一端在天 兩端成直線
直線永遠畫不出個圓
有些從前 太尖銳 誰腳步 太遙遠
讓結局被遺憾 寫下了句點

為何不放 既是過往 雲煙
想要遺忘 怎麼反覆 掛牽
往哪裡找安慰 會簡單一些
我被思念制約 快樂顯得卑微

怎麼不放 早是過往 雲煙
越想遺忘 越是反覆 掛牽
而你在心裡面 要怎麼道別
說這半句再見 已過了多少年
無解

"
你說了算,"aMEI (張惠妹), 瘦子E.SO","

                    作詞：張活寧 / 簡敏如 / 陳昱榕
           
                            作曲：URU / 斐立普Felipe. Z
            
 
說要了斷
你說得簡單
什麼時候你可以這樣隨口說了就

就別再演戲
省下拙劣的表情
我早已看清
只是選擇相信
等待一切透明
事實醜陋得要命
被狠狠傷的是我的不離不棄
Well I don't know baby
我已經不再認得你
既然都這樣那我人生可以沒有你

說要了斷
說得簡單
什麼時候你可以這樣隨口說了就算

說什麼我愛你
Every time
怎麼可以說得這麼自然
說什麼我愛你
說什麼我願意
讓時間證明
證明失敗
從此後你不用再不用再煩

你知道我的作風
I don't play game girl
那些抱怨
只有在你自己身上才說得通
我放棄那些要求
當我沒有說過
留著那些氣話
我會當做只有一個人懂
沒有人完美 what you want from me
你要的溝通 只挑你想聽
我要是說得太直 又怕傷到你
Why you always try to dominate
你期待的男人根本不存在
養條狗會比較實在
寧願吵架 ah you love that
這麼看不下去 何必忍耐 it's alright

你說要放棄
放棄我們的關係
我們不再練習
開始選擇逃避
你變得很神秘
我愛你變我愛過你 that's how you think
想要簡單的愛情好不容易
Well I don't know baby
生活不再有交集
你的東西拜託找天過來都拿回去

說要了斷
說得簡單
什麼時候你可以這樣隨口說了
你就想賴 最好那麼簡單
你想得太簡單 那就看著辦

說什麼我愛你
Every time oh no
喔你說得這麼地自然
說什麼我愛你
說什麼我願意
讓時間證明 耶
證明失敗 oh no

我愛你
說什麼我願意
Every time every time
怎麼可以說得這麼自然
說什麼我愛你
說什麼我願意
讓時間證明
你最好你最棒你最誠懇
都你說了就算

I ain't role model
What you want from me want from me
I ain't role model
I ain't role model
What you want from me want from me
I ain't role model

"
什麼歌 ,五月天 (Mayday),"

                    作詞：阿信
           
                            作曲：阿信
            
 
你是否問過自己 擁有什麼 為了要擁有那些 付出什麼
追逐的人生換來 那些什麼 最後能帶走 什麼 ?

從何時我們都已 擁有很多 已不像當時你我 一無所有
無聊的話題配著 藍藍天空 我們都能飛 只要風

我們曾夏啦啦啦的唱過 那一首噗通通通的心動
多年後我們是否依然是 那一個你 那一個我 ?

當歲月輕飄飄飄的溜走 我們都哎呀呀呀白了頭
有什麼留在你我的心頭 那是什麼

每一首歌曲都在 尋找耳朵 每一顆寂寞的心 還是寂寞
每一次你都不懂 因為什麼 讓每次呼吸 都痛

痛過的自己好像 失去什麼 癒合後卻又好像 學到什麼
多年後或許一切 不算什麼 才知最重要 是什麼

我們曾夏啦啦啦的唱過 那一首噗通通通的心動
多年後我們是否依然是 那一個你 那一個我 ?

當歲月輕飄飄飄的溜走 我們都哎呀呀呀白了頭
有什麼留在你我的心頭 那是什麼 ?

我們曾夏啦啦啦的唱過 那一首噗通通通的心動
多年後我們是否依然是 那一個你 那一個我

當歲月輕飄飄飄的溜走 我們都哎呀呀呀白了頭
有什麼留在你我的心頭 那是什麼

才知道最重要的會是什麼 直到最後
我擁有你 你擁有我 我擁有你 你擁有我 我carry你 你carry我 我carry你 你carry我

"
忘課 ,楊丞琳 (Rainie Yang),"

                    作詞：龔佳城
           
                            作曲：鄭宇界
            
 
曾經在這裡 看海的風景
望著未來吹著口琴 無憂的心
現在在這裡 人生多無稽
太多回憶 卻再回不去

漫開的距離 錯別的珍惜
一路走來難捨的默契
都還給自己

怪我捨不得 卻又假裝著
信誓旦旦說我忘了愛的每一課
活該要痛徹 心的每個皺摺
愛你的課 怎會不記得

最後的話題 沉默都用盡
愛是會翻轉的謎題 捉摸不定

漫開的距離 錯別的珍惜
一路走來難捨的默契
都還給自己

怪我捨不得 卻又假裝著
信誓旦旦說我忘了愛的每一課
活該要痛徹 心的每個皺摺
愛你的課 永遠都記得

怪我捨不得 卻又假裝著
信誓旦旦說我忘了愛的每一課
活該要痛徹 心的每個皺摺
愛你的課 永遠都記得

"
終於愛情 ,陳嘉樺 (Ella Chen),"

                    作詞：吳易緯
           
                            作曲：JerryC
            
 
如果沒有開始的 意外誤會
也許就錯過我們永遠
雨中的秘密基地 你在身邊
貼著你的呼吸最想念

總以為 是我教會你愛情 會有多麼美
逞強 推開你以後 孤單 像海潮來回
從來沒有 任何一個人 會帶我奮勇向前
你卻為我戰勝考驗

終於明白遇見你 是要教會我愛情
是要教會我可以 擁有被愛的勇氣
從幾億顆心 等一顆奇跡
才發現 原來 你早已在我生命裡

終於能相信 幸福真的會來臨
如果沒有遇見你 不會有愛的傻勁
是你帶著我 飛進了天際
你讓我勇敢 Woo~ 成為我自己

沒有淬煉過幾次 轟轟烈烈
心怎麼會有光芒耀眼
人總要等到失去 才懂後悔
託付真心的人多珍貴

總以為 是我教會你愛情 會有多麼美
逞強 推開你以後 孤單 像海潮來回
從來沒有 任何一個人 會帶我奮勇向前
你卻為我戰勝考驗

終於明白遇見你 是要教會我愛情
是要教會我可以 擁有被愛的勇氣
從幾億顆心 等一顆奇跡
才發現 原來 你早已在我生命裡

終於能相信 幸福真的會來臨
如果沒有遇見你 不會有愛的傻勁
是你帶著我 飛進了天際
你讓我勇敢 Woo~ 成為我自己

"
和平分手,"梁文音 (Rachel Liang), 蕭煌奇 (Ricky Hsiao)","

                    作詞：黃婷
           
                            作曲：蕭煌奇
            
 
編曲：賴暐哲、 潘信維、 范梓謙

是否有天我們會老去
街頭不期而遇
笑著 說愛情是場鬧劇

是否有天悲傷會遠去
每場淋過的雨 都寫成練習曲

從開始走到終於
終於無能為力的結局
在愛之外的差距
還是過不去
為彼此留的餘地
完滿了回憶
把承諾都還給你
把祝福都留給你
一個人走

和平分手 愛已別無所求
誰都不必太內疚
接受無心犯的錯
也好過費心找裡由
微笑分手 破碎的以後
會隨著時間自由
遺憾都已難補救
夢醒了也許換一個 好朋友

一千兩百五十天歡愉
學沒記憶的魚
忘掉 在下個旅程繼續

抱歉我不是合適伴侶
至少最後一刻 別讓你受委屈

從開始走到終於
終於無能為力的結局
在愛之外的差距
還是過不去
為彼此留的餘地
完滿了回憶
把承諾都還給你
把祝福都留給你
一個人走

和平分手 愛已別無所求
誰都不必太內疚
接受無心犯的錯
也好過費心找裡由
微笑分手 破碎的以後
會隨著時間自由
遺憾都已難補救
夢醒了也許換一個 好朋友

和平分手 愛已別無所求
誰都不必太內疚
接受無心犯的錯
也好過費心找裡由
微笑分手 破碎的以後
會隨著時間自由
遺憾都已難補救
夢醒了也許換一個 好朋友

"
十七 ,S.H.E,"

                    作詞：吳青峰
           
                            作曲：吳青峰
            
 
在無窮無盡之間 充滿吶喊的子夜
十七歲的我們 在哪邊
在未來攤開之前 期待又怕受傷害
是我 和你和你 說著夢想 說著心願

在有來有往之後 三種特別的語言
上天選了我們 圍成圈
在潮起潮落之間 將我環繞的世界
拾起 許多情節 如此和諧 如此無間

時間的長河 我非你們不可
緣分的比喻 匯流成一首歌
那是我們 從還懵懂的青春
變成 最重要的人

也許經歷過聚散和離分
也許嘗受過懷疑眼神
我們的生命卻不斷延伸
更多的回憶 不停誕生

Dala.. Dala..
Dala.. Wo Dala..
十七歲的我們

我們的感情 不是什麼新聞
你身邊也會 有珍惜你的人
那是我們 最想祝福的你們
懂得 活著的快樂

也許經歷過聚散和離分
也許嘗受過懷疑眼神
我們的生命卻不斷延伸
更多的回憶不停誕生

一起走過了 彼此一半的人生
陪伴只會累積得更深

也許經歷過聚散和離分
也許嘗受過懷疑眼神
我們的生命卻不斷延伸
更多的回憶不停誕生

Lalala…
Lalala…

就一起走著走到了永恆
還請你們陪我們 見證

"
稻草 ,鄭茵聲,"

                    作詞：林欣樂
           
                            作曲：陳儀芬
            
 
編曲：廖偉傑Jie

擁抱 這時候擁抱
不需要言語 打擾
時間彷彿被停格三秒

驕傲 你為我驕傲
彎起的嘴角 抵消
所有折騰和考驗
從心微笑

好在有一根稻草
在崩塌之前讓我回望自己的心跳
最後這一根稻草
警惕我再不許為懦弱
倍受煎熬
最後這一根稻草
讓夢想搖搖欲墜的時候突然知道
心中還有座美麗的城堡
再大的風雨
模糊不掉 鎖定了目標

胡鬧 現實太胡鬧
別急著退後 潛逃
再多的悲傷哭過就好

丟掉 壞情緒丟掉
努力都會被 看到
幸福有一天會到
我都知道

好在有一根稻草
在崩塌之前讓我回望自己的心跳
最後這一根稻草
警惕我再不許為懦弱
倍受煎熬
最後這一根稻草
讓夢想搖搖欲墜的時候突然知道
心中還有座美麗的城堡
再大的風雨
模糊不掉 鎖定了目標

好在有一根稻草
在崩塌之前讓我回望自己的心跳
最後這一根稻草
警惕我再不許為懦弱
倍受煎熬
最後這一根稻草
讓夢想搖搖欲墜的時候突然知道
心中還有座美麗的城堡
再大的風雨
模糊不掉 鎖定了目標

"
有去無回 ,"陳零九 (Nine Chen), 小男孩樂團 (Men Envy Children)","

                    作詞：陳零九
           
                            作曲：陳零九
            
 
編曲：Skot Suyama (陶山)

嘿 是愛故障 是我搞砸 傷透妳的 心
還 總是喝醉 總是忘記 說的都不 聽
妳 計畫旅行 說過存錢 一起環遊
世界 我總回 隨便 隨便

看 那張卡片 那些紀念 那走過的 街
淚 總能照亮 狼藉盤杯 今天的夜 太想念
MY BABY 能不能別走 求妳 別讓 這愛 成灰 視而不見

OH NO OH NO
請求妳再給一次機會
I know I know
我知道真的讓妳心
碎 的愛 當我 終於明白
但妳卻已不在 Yeah

你已讀不回 愛有去無回
我發送的關心 都變成 沒回應的眼淚 往回淹
只是這答案 是無解
我愛你 我愛你 我愛你 但愛已變
你已讀不回

早餐的時候一份 總匯
看劇的時候一個 人追
空蕩的雙人床一個 人睡
想哭一個 人醉 關於愛 學不會 覺得累

怎麼聽到這首情歌我又 想起你
直到妳落下眼淚的那 一天起
我照著鏡子唾棄白癡 的自己
但妳早已不在我身邊 I’m Sorry

我後悔 當你轉身我卻沒有抓住妳的手
那一天 親眼看妳走卻沒有抓住妳的手
妳知道 這次我不會再輕易放開我的手
但或許 這一切都 來不及了 沒用

你已讀不回 愛有去無回
我發送的關心 都變成 沒回應的眼淚 往回淹
只是這答案 是無解
我愛你 我愛你 我愛你 但愛已變
你已讀不回

你已讀不回 愛有去無回
我發送的關心 都變成 沒回應的眼淚 往回淹
只是這答案 是無解
我愛你 我愛你 我愛你 但愛已變
你已讀不回

你給我的愛 只剩下空白
你給我的愛 該怎麼釋懷

"
我的事不關你的事 ,"賴慈泓, 孫盛希 (Shi Shi)","

                    作詞：賴慈泓
           
                            作曲：賴慈泓
            
 
編曲：葛子毅

空曠的街道 心碎的戀人
怎麼愛才算是深刻
今夜的風聲
呼嘯的清澈
沒有你的我才完整

看透了 才能夠看清有捨才有得
然後呢 才能夠認清我是自己的

你愛我或不愛我都是諷刺
我的世界瞬間靜止
愛你或不愛你全都是
我的事不關你的

愛我或不愛我都是諷刺
我的世界瞬間靜止
愛你或不愛你全都是
我的事不關你的事

沈默的對話
悲傷的女子
愛了幾回傷過幾次
無聲的宣告
任時間稀釋
別再彼此為難著彼此

看透了 才能夠看清有捨才有得
然後呢 才能夠認清我是自己的

你愛我或不愛我都是諷刺
我的世界瞬間靜止
愛你或不愛你全都是
我的事不關你的

愛我或不愛我都是諷刺
我的世界瞬間靜止
愛你或不愛你全都是
我的事不關你的事

我的事不關你的

"
買榜,"吳卓源 (Julia Wu), 熊仔 (Kumachan)","

                    作詞：熊仔
           
                            作曲：熊仔, 吳卓源
            
 
忙著上電視 沒空看電視
打開KKBOX 我的名字又是關鍵字
不好意思一直洗版
出現在各播放清單
Shout out to all my fans
一遍又一遍
不斷讓我在你耳邊循環
上一張都還沒下榜
下一張又準備上榜
我不需要多大的排場
一樣把大廠牌海放
Boy I'm just having fun

爬得太高
高處不勝寒早知道我就帶件外套
寶座坐得太久椎間盤都有點歪掉
Oh there I am again
I just win and win and win
This goes out to all my ex'es how u

Like me now
一直入圍金音獎好像是我有拜票
但小人沒被提名評審是不是有嗑藥
Oh there I am again
We just win and win and win

讓他們懷疑我們是不是有買榜 買榜
All day long it’s always my song, my song
打開排行就像在開獎 oh 我的天
天天過年
We just win win win

像有買榜 買榜
All day long it's always my song, my bad
其實我也不想這樣 霸佔排行
I be like 小老鼠 上燈台 偷油吃 下不來

都在拍廣告 不用買廣告
打開臉書 每次有報導 看到別人分享自己才想到
不好意思小琪姊
希望妳真的能理解
這業配標題聳動 內文空洞
這次就先不轉貼了歹勢
最近通告變好多 都是些綜藝節目模仿秀
想叫我模仿個小丑 大哥你真的好幽默
怎麼會叫一個饒舌歌手
去模仿一個模仿饒舌歌手的歌手
要馬就叫他來跟我battle 要馬也應該是他模仿我

爬得太高
高處不勝寒早知道我就帶件外套
寶座坐得太久椎間盤都有點歪掉
Oh there I am again
I just win and win and win
This goes out to all my ex'es how u

Like me now
一直入圍金音獎好像是我有拜票
但小人沒被提名評審是不是有嗑藥
Oh there I am again
We just win and win and win

讓他們懷疑我們是不是有買榜 買榜
All day long it's always my song, my song
打開排行就像在開獎 oh 我的天
天天過年
We just win win win

像有買榜 買榜
All day long it's always my song, my bad
其實我也不想這樣 霸佔排行
I be like 小老鼠 上燈台 偷油吃 下不來

"
